{
    "lgbm": {
        "max_depth": 5,
        "n_estimators": 333,
        "num_leaves": 31,
        "colsample_bytree": 0.43324316146850544,
        "learning_rate": 0.005786968495815809,
        "subsample": 0.9984017725013535,
        "bagging_freq": 3,
        "min_child_samples": 96,
        "reg_alpha": 0.002518845331104293,
        "reg_lambda": 4.878049502512867e-08,
        "min_data_in_bin": 225,
        "min_data_in_leaf": 100
    },
    "xgb": {
        "max_depth": 6,
        "n_estimators": 591,
        "learning_rate": 0.0016706429121916301,
        "min_child_weight": 20,
        "subsample": 0.7080937391633123,
        "colsample_bytree": 0.683632123015393,
        "gamma": 0.33003517944874655,
        "reg_alpha": 8.380122406525915e-05,
        "reg_lambda": 0.001322562419982755,
        "min_split_loss": 4.7397021821825,
        "scale_pos_weight": 0.5190507887791783
    },
    "weights": [
        4.0865913610532845,
        1.610263304160793
    ]
}